"Vargas-O'Brian, Ivette M",FEMALE
"McBride, Richard D II",MALE
"Stuart, Daniel M (Daniel Malinowski)",MALE
"Adamek, Wendi Leigh",FEMALE
Dokuan Genkō,(premodern)
"Adamek, Wendi Leigh",FEMALE
"Adamek, Wendi Leigh",FEMALE
"Adluri, Sucharita",FEMALE
"Alba, Beatrice",FEMALE
"Almogi, Orna",FEMALE
"Alonso-Breto, Isabel",FEMALE
"Ambros, Barbara",FEMALE
"Ambros, Barbara, 1968- (Translator, ""Author of introduction, etc. "", Annotator)",FEMALE
"Anderson, Carol S",FEMALE
"Anderson, Veanne N",FEMALE
"Andreeva, Anna",FEMALE
"Andrews, Susan ",FEMALE
"Angell, Jane",FEMALE
"Appleton, Naomi",FEMALE
"Arbel, Keren",FEMALE
"Arichi, Meri",FEMALE
"Averbuch, Irit",FEMALE
"Baer, Ruth A",FEMALE
"Balkwill, Stephanie",FEMALE
"Bansat-Boudon, Lyne",FEMALE
"Barnhill, David L",FEMALE
"Baroni, Helen Josephine",FEMALE
"Batchelor, Martine",FEMALE
Beimatsho,FEMALE
Beimatsho,FEMALE
"Bentor, Yael",FEMALE
"Berger, Patricia ",FEMALE
"Blackburn, Anne M",FEMALE
"Blair, Heather",FEMALE
"Blair, Heather (Translator)",FEMALE
"Boin-Webb, Sara (Contributor)",FEMALE
"Boin-Webb, Sara (Translator)",FEMALE
"Boyd-Wilson, B M. (Belinda M)",FEMALE
"Brac de La Perrière, Bénédicte",FEMALE
"Brennan, Joy Cecile",FEMALE
"Bryson, Megan",FEMALE
"Bühnemann, Gudrun",FEMALE
"Burchardi, Anne",FEMALE
"Bush, Mirabai",FEMALE
"Byrne, Cathy Jane",FEMALE
"Caillat, Colette",FEMALE
"Cantwell, Cathy",FEMALE
"Caple, Jane",FEMALE
"Carlisle, Clare",FEMALE
"Cassaniti, Julia",FEMALE
"Chadha, Monima‏",FEMALE
"Charleux, Isabelle ",FEMALE
"Cheng, Fung Kei",FEMALE
"Cheng, Wei-Yi",FEMALE
"Ching, Chao-jung",FEMALE
"Chiu, Tzu-Lung",FEMALE
"Cho, Francisca",FEMALE
"Choi, Jeong-Ja",FEMALE
"Choong, Yoke",FEMALE
"Chou, Wen-shing ",FEMALE
"Cirklová, Jitka",FEMALE
"Clayton, Barbra R",FEMALE
"Clipston, Janice",FEMALE
"Collett, Alice",FEMALE
"Compson, Jane",FEMALE
"Conway, Susan",FEMALE
"Coughlin, Melanie (Translator, ""Author of introduction, etc. "")",FEMALE
"Covill, Linda",FEMALE
"Cox, Collett",FEMALE
"Crosby, Kate",FEMALE
"Curley, Melissa Anne-Marie (Translator, ""Author of introduction, etc. "")",FEMALE
"Danyluk, Angie",FEMALE
"Darlington, Susan M",FEMALE
"Davis, Leesa S",FEMALE
"Dhammadinnā, Bhikkhunī",FEMALE
"Dhondup, Yangdon",FEMALE
"Dietz, Siglinde",FEMALE
"Dix, Monika",FEMALE
"Donahue, Amy Kneedler",FEMALE
"Dragonetti, Carmen",FEMALE
"Draszczyk, Martina",FEMALE
"Dumas, Raechel",FEMALE
"Dutta, Manomohini",FEMALE
"Eberhardt, Nancy",FEMALE
"Eddy, Glenys",FEMALE
"Eerkes, Deborah",FEMALE
"Eichman, Jennifer Lynn",FEMALE
"Engelmajer, Pascale",FEMALE
"Esposito, Monica",FEMALE
"Eubanks, Charlotte",FEMALE
"Fan, Muyou",FEMALE
"Feldman, Christina",FEMALE
"Fennell, Melanie J V",FEMALE
"Ferguson, Jane Martin",FEMALE
"Finnigan, Bronwyn",FEMALE
"Fister, Patricia",FEMALE
"Forte, Erika (Compiler)",FEMALE
"French, Rebecca R",FEMALE
"Freschi, Elisa",FEMALE
"Friedman, Kaylee",FEMALE
"Garrett, Frances",FEMALE
"Garrett, Frances",FEMALE
"Garrett, Frances Mary",FEMALE
"Garrett, Frances Mary",FEMALE
"Gayley, Holly",FEMALE
"Gayley, Holly",FEMALE
"Gerke, Barbara",FEMALE
"Gleig, Ann",FEMALE
"Gomes, Jacquetta",FEMALE
"Goodwin, Janet R",FEMALE
"Granoff, Phyllis",FEMALE
"Granoff, Phyllis E (Phyllis Emily)",FEMALE
"Gregory, Kathleen",FEMALE
"Gross, Rita M",FEMALE
"Guggenmos, Esther-Maria",FEMALE
"Gunji, Naoko",FEMALE
"Gutschow, Kim",FEMALE
"Gyatso, Janet",FEMALE
"Gyatso, Janet",FEMALE
"Gyatso, Janet",FEMALE
"Gyatso, Janet ",FEMALE
"Gyatso, Janet ",FEMALE
"Habata, Hiromi",FEMALE
"Haggerty, Rena",FEMALE
"Hardacre, Helen",FEMALE
"Härkönen, Mitra",FEMALE
"Harrington, Laura",FEMALE
"Harris, Elizabeth J. (Elizabeth June)",FEMALE
"Haynes, Sarah",FEMALE
"He, Huanhuan",FEMALE
"Heim, Maria",FEMALE
"Heirman, Ann",FEMALE
"Heller, Amy",FEMALE
"Heller, Natasha",FEMALE
"Helman-Ważny, Agnieszka ",FEMALE
"Hiyama, Satomi",FEMALE
"Hong, Jeehee",FEMALE
"Horner, Isaline Blew",FEMALE
"Horton, Sarah J",FEMALE
"Hough, Sheridan L",FEMALE
"Howard, Angela F (Angela Falco)",FEMALE
"Hsieh, Ding-hwa Evelyn",FEMALE
"Hu-von Hinüber, Haiyan",FEMALE
"Huang, C Julia",FEMALE
"Hughes, April D",FEMALE
"Hugon, P.",FEMALE
"Hugon, Pascale",FEMALE
"Hüsken, Ute",FEMALE
"Inose, Yūri",FEMALE
"Jacoby, Sarah H (Hieatt)",FEMALE
"Javanaud, Katie",FEMALE
"Jee, Hyekyung (Lucy)",FEMALE
"Jia, Jinhua",FEMALE
"Kalmanson, Leah",FEMALE
"Kanda, Fusae C",FEMALE
Karma Lekshe Tsomo BhiksíŁuníŁiíă,FEMALE
"Kasai, Yukiyo",FEMALE
"Kassor, Constance",FEMALE
"Kawahashi, Noriko",FEMALE
"Kawamoto, Kanae",FEMALE
"Kawanami, Hiroko",FEMALE
"Kellner, Birgit",FEMALE
"Kemmerer, Lisa",FEMALE
"Kenney, Elizabeth",FEMALE
"Kent, Alexandra",FEMALE
"Keta, Masako",FEMALE
"Khan, Dominique-Sila",FEMALE
"Kiblinger, Kristin Beise",FEMALE
"Kieffer-Puíölz, Petra",FEMALE
"Kieffer-Pülz, Petra",FEMALE
"Kieffer-Pülz, Petra",FEMALE
"Kikuchi, Hiroko",FEMALE
"Klein, Anne C (Anne Carolyn)",FEMALE
"Klokke, Marijke J",FEMALE
"Kobayashi, Naoko",FEMALE
"Komatsu, Kayoko",FEMALE
"Konczak, Ines",FEMALE
"Koppedrayer, Kay",FEMALE
"Köppl, Heidi I",FEMALE
"Kosar-Altinyelken, Hülya",FEMALE
"Kozyra, Agnieszka",FEMALE
"Kramer, Jowita",FEMALE
"Krey, Gisela",FEMALE
"Lim, Young-Ae",FEMALE
"Kumada, Naoko",FEMALE
"Kuroki, Masako",FEMALE
"Kyaw, Pyi Phyo",FEMALE
"Lai, Rongdao (Lai Lei Kuan Rongdao)",FEMALE
"Langenberg, Amy Paris",FEMALE
"Lau, Hi Po",FEMALE
"Lee, Sumi",FEMALE
"Legittimo, Elsa I",FEMALE
"Leigh, Janis",FEMALE
"Levering, Miriam",FEMALE
"Le Vine, Sarah",FEMALE
"Lewis, Sara",FEMALE
"Liao, Pei-Ru",FEMALE
"Liu, Cuilan",FEMALE
"Liu, Shufen ",FEMALE
"Lomi, Benedetta",FEMALE
"López Sáenz, Maria Carmen",FEMALE
"Ludvik, Catherine",FEMALE
"MacDonald, Anne",FEMALE
"MacDonald, Claire",FEMALE
"Mack, Karen",FEMALE
"Main, Jessica L",FEMALE
"Main, Jessica L (Translator, ""Author of introduction, etc. "")",FEMALE
"Malandra, Geri H",FEMALE
"Manné, Joy",FEMALE
"McClintock, Sara",FEMALE
"McGarrity, Leah",FEMALE
"McRae, Emily Webb",FEMALE
"Meeks, Lori Rachelle",FEMALE
"Meeks, Lori Rachelle",FEMALE
"Meinert, Carmen",FEMALE
"Meinheit, Susan",FEMALE
"Meinheit, Susan ",FEMALE
"Miller, Kristie",FEMALE
"Miller, W Blythe",FEMALE
"Monius, Anne E",FEMALE
"Moore, Elizabeth Howard",FEMALE
"Morcom, Anna ",FEMALE
"Moto-Sanchez, Milla Micka",FEMALE
"Mross, Michaela",FEMALE
"Mross, Michaela (Translator, ""Author of introduction, etc. "", Annotator)",FEMALE
"Murphy, Anne",FEMALE
"Murphy, Regan E",FEMALE
"Nattier, Jan",FEMALE
"Neumaier, Eva K",FEMALE
"Ohnuma, Reiko",FEMALE
"Ostrowski, Ally",FEMALE
"Owen, Lisa Nadine",FEMALE
"Oyler, Elizabeth",FEMALE
"Park, Jin-young",FEMALE
"Paul, Diana Y",FEMALE
"Pedersen, K Priscilla",FEMALE
"Penkower, Linda L",FEMALE
"Plank, Katarina",FEMALE
"Porcu, Elisabetta",FEMALE
"Porcu, Elisabetta (Translator)",FEMALE
"Pouvkova, Boryana",FEMALE
"Preisendanz, Karin",FEMALE
"Prueitt, Catherine",FEMALE
"Raddock, Elisabeth",FEMALE
"Ratié, Isabelle",FEMALE
"Ratié, Isabelle",FEMALE
"Raymond, Catherine",FEMALE
"Renger, Almut-Barbara",FEMALE
"Riggs, Diane E",FEMALE
"Rocco, Sharn",FEMALE
"Rocha, Cristina",FEMALE
"Romberg, Claudia",FEMALE
"Roth, Carina, 1971- (Translator)",FEMALE
"Saccone, Margherita",FEMALE
"Salgado, Nirmala S",FEMALE
"Salzberg, Sharon",FEMALE
"Sanders, Holly (Translator)",FEMALE
"Sango, Asuka",FEMALE
"Sango, Asuka",FEMALE
"Sasson, Vanessa R",FEMALE
"Schedneck, Brooke",FEMALE
"Scheible, Kristin",FEMALE
"Scherrer-Schaub, Cristina A (Cristina Anna)",FEMALE
"Scherrer-Schaub, Cristina Anna",FEMALE
"Scherrer-Schaub, Cristina Anna (Editor)",FEMALE
"Schlosser, Andrea",FEMALE
"Schneiderman, Jill S",FEMALE
"Schober, Juliane",FEMALE
"Schrempf, Mona ",FEMALE
"Schuster, Nancy",FEMALE
"Scott, Rachelle M",FEMALE
"Sernesi, Marta",FEMALE
"Sharapan, Maria",FEMALE
"Shaw, Miranda",FEMALE
"Shaw, Sarah",FEMALE
"Shih, Heng-ching Bhikshuni",FEMALE
"Snodgrass, Judith",FEMALE
"Starkey, Caroline",FEMALE
"Starling, Jessica",FEMALE
"Starling, Jessica (Translator)",FEMALE
"Stokes, Leah",FEMALE
"Stone, Jacqueline I (Jacqueline Ilyse)",FEMALE
"Stone, Jacqueline I (Jacqueline Ilyse), 1949- (Translator)",FEMALE
"Strandberg, Elisabeth",FEMALE
"Tannenbaum, Nicola Beth",FEMALE
"Tinsley, Elizabeth",FEMALE
"Tinsley, Elizabeth (Translator)",FEMALE
"Tomalin, Emma",FEMALE
"Törzsök, Judit",FEMALE
"Törzsök, Judit",FEMALE
"Travagnin, Stefania",FEMALE
"Travers, Alice",FEMALE
"Triplett, Katja",FEMALE
"Truschke, Audrey",FEMALE
"Tsang, Carol Richmond",FEMALE
"Turner, Alicia Marie",FEMALE
"Tythacott, Louise",FEMALE
"Ulrich, Katherine E",FEMALE
"Verchery, Lina",FEMALE
"Wallace, Vesna A",FEMALE
"Wallace, Vesna A.",FEMALE
"Watson, Gay",FEMALE
"Watt, Tessa",FEMALE
"Wenta, Aleksandra",FEMALE
"Williams, Liz",FEMALE
"Wilson, Frances (Frances A)",FEMALE
"Wilson, Liz ( Elizabeth Louise)",FEMALE
"Windt, Jennifer M.",FEMALE
"Winfield, Pamela D",FEMALE
"Worsfold, Kay E",FEMALE
"Yoshimizu, Chizuko",FEMALE
"Young, Katherine K",FEMALE
"Zahler, Leah",FEMALE
"Zin, Monika",FEMALE
"Yangzong, Ciren",FEMALE
"Richard, Camille",FEMALE
"Manabe, Mayumi (Translator)",FEMALE
"Matsumoto, Ikuko",FEMALE
"Matsuoka, Hiroko",FEMALE
"Miyamoto, Yuki",FEMALE
Miyazaki Fumiko,FEMALE
"Moriya, Tomoe",FEMALE
"Neri, Chiara",FEMALE
"Nishimura, Ryō",FEMALE
"Okamura, Mihoko (""Author of introduction, etc. "", Compiler)",FEMALE
Padma'tsho,FEMALE
"Park, Pori",FEMALE
"Giang, Pham Thi Thu",FEMALE
"Reider, Noriko T",FEMALE
"Sekimori, Gaynor",FEMALE
"Sik, Fa Ren",FEMALE
"Sun, Jessie",FEMALE
"Usui, Atsuko",FEMALE
"Wakabayashi, Haruko",FEMALE
"Wakabayashi, Haruko Nishioka",FEMALE
"Zhu, Tianshu",FEMALE
"Lin, Nancy",FEMALE 
"Cantwell, Cathy; Mayer, Robert ","FEMALE, MALE"
"Rong, Ma; Lhundup, Tanzen","FEMALE, MALE"
"Yeh, Emily T.; Henderson, Mark ","FEMALE, MALE"
"Lugli, Ligeia",FEMALE?
"Cowherds, The","Group (including Dreyfus, Garfield, Newland, Priest, Siderits, Tanaka, Thakchoe, Tillemans, and Westerhoff: https://www.cambridge.org/core/journals/bulletin-of-the-school-of-oriental-and-african-studies/article/cowherds-moonshadows-conventional-truth-in-buddhist-philosophy-new-york-oxford-university-press-2011-2250-isbn-978-0-19-975143-3/BFC107357311DC39C772D9ADFF3C8266/core-reader"
"Abé, Ryūichi",MALE
"Abeysekara, Ananda",MALE
"Acharya, Diwakar",MALE
"Adam, Martin T (Martin Theodor)",MALE
"Adams, Don",MALE
"Agostini, Giulio",MALE
"Ahn, Juhn Y",MALE
"Ahn, Juhn Young",MALE
"Albuquerque, Eduardo Basto de",MALE
"Alekseev, Kirill",MALE
"Alexander Hastings Molloy, Andrew",MALE
"Allon, Mark",MALE
"Alvear Moroí�n, David",MALE
"Ama, Michihiro",MALE
"Ama, Michihiro (Translator)",MALE
"Ama, Toshimaro",MALE
"Amaro Ajahn, Bhikkhu",MALE
"Ames, William L",MALE
"Amstutz, Galen (Galen Dean)",MALE
"Amstutz, Galen (Galen Dean), 1952- (Translator)",MALE
An€�layo Bhikkhu,MALE
"Andreasen, Esben",MALE
"Andrews, Allan A. (Allan Albert)",MALE
"App, Urs, 1949- (Translator, ""Author of introduction, etc. "")",MALE
"Apple, James",MALE
"Apple, James B",MALE
"Apple, James B.",MALE
"Apple, James B. ",MALE
"Aramaki, Noritoshi",MALE
"Arènes, Pierre",MALE
"Arlt, Robert",MALE
"Arnold, Dan",MALE
"Arnold, Daniel Anderson",MALE
"Arnold, Daniel Anderson, 1965- (""Author of introduction, etc. "", Commentator for written text, Translator)",MALE
"Arreí�bola Gil, Antonio",MALE
"Asai, Endō",MALE
"Ashin, Janaka",MALE
"Attwood, Jayarava‰ŰŹ",MALE
"Auerback, Micah L, 1974- (Translator)",MALE
"Austin, James H",MALE
"Bacham, Arthur L",MALE
"Badmatsyrenov, Timur",MALE
"Bailey, Cameron",MALE
"Bailey, H. W. (Harold Walter)",MALE
"Balcerowicz, Piotr",MALE
"Bandyopadhyay, Debashis",MALE
"Bapat, P V (Purushottam Vishvanath)",MALE
"Barrett, Timothy Hugh",MALE
"Basham, Arthur L",MALE
"Baskind, James",MALE
"Baskind, James",MALE
"Baskind, James (Translator)",MALE
"Batchelor, Stephen",MALE
"Bates, Glen",MALE
"Bathgate, Michael",MALE
"Bauer, Mikaël",MALE
"Bayer, Achim",MALE
"Bechert, Heinz",MALE
"Becker, Andreas",MALE
"Beckwith, Christopher I",MALE
"Bender, Ross",MALE
"Bendle, Lawrence J",MALE
"Benn, James A",MALE
"Benovsky, Jiri",MALE
"Berezkin, Rostislav",MALE
"Bernier, Paul",MALE
"Bhatia, M L",MALE
"Bhattacharya, Kamaleswar",MALE
"Bhattacharya, Ramkrishna",MALE
"Bhikkhu, Anālayo",MALE
"Bhikshu, Huimin",MALE
"Bielefeldt, Carl",MALE
"Bingenheimer, Marcus",MALE
"Bingenheimer, Marcus (""Author of introduction, etc. "", Commentator for written text)",MALE
"Bisschop, Peter",MALE
"Bloom, Alfred",MALE
"Bloss, Lowell W",MALE
"Bluck, Robert",MALE
"Blum, Mark L",MALE
"Bocking, Brian",MALE
Bodhi Bhikkhu,MALE
"Bodiford, William M (""Author of introduction, etc. "", Translator)",MALE
"Bodiford, William M (Editor)",MALE
"Bogin, Benjamin",MALE
"Bolokan, Eitan",MALE
"Bongard-Levin, G. M. (Grigori Maksimovich)",MALE
"Bongard-Levin, Grigoriĭ Maksimovich",MALE
"Borchert, Thomas A. (Thomas Adams)",MALE
"Boucher, Daniel",MALE
"Braarvig, Jens",MALE
"Bragt, Jan van (Translator, ""Author of introduction, etc. "")",MALE
"Bragt, Jan van (Translator)",MALE
Brahmaíăli Bhikkhu,MALE
"Braun, Erik",MALE
"Breen, John",MALE
"Brekke, Torkel",MALE
"Brewer, Judson A",MALE
"Broido, Michael",MALE
"Bronkhorst, Johannes",MALE
"Brons, Robin",MALE
"Brose, Ben",MALE
"Brose, Ben (Translator)",MALE
"Brown, Robert L",MALE
"Brunning, Luke",MALE
"Bucknell, Rod",MALE
"Bucknell, Roderick S",MALE
"Buescher, John B",MALE
"Bugault, Guy",MALE
"Bumbacher, Stephan Peter",MALE
"Burnett, Richard",MALE
"Burton, David (David F)",MALE
"Bushelle, Ethan",MALE
"Buswell, Robert E Jr",MALE
"Cabezón, José Ignacio",MALE
"Cabezón, José Ignacio ",MALE
"Cadge, Wendy",MALE
"Caifang, Zhu",MALE
"Callahan, Christopher",MALE
"Campany, Robert Ford",MALE
"Campany, Robert Ford",MALE
"Campany, Robert Ford",MALE
Candrakīrti,MALE
"Capitanio, Joshua",MALE
"Capitanio, Joshua",MALE
"Capper, Daniel",MALE
"Carr, Kevin Gray",MALE
"Carter, Caleb S",MALE
"Carvalho, Fernando Domicildes (Translator)",MALE
"Catt, Adam (Translator)",MALE
"Chaix, Rémi ",MALE
"Chakravarthi, Ram Prasad",MALE
"Chan, Wing-Shing",MALE
"Chaskalson, Michael",MALE
"Cheetham, Eric",MALE
"Chen, Jinhua",MALE
"Chen, Jinhua",MALE
"Chen, Miao-Sheng",MALE
"Chen, Po-Yu",MALE
"Chen, Shih-Chung (Shih-Chung Frederick)",MALE
"Chia, Jack Meng-Tat",MALE
"Chiew, Hui Ho",MALE
"Childs, Geoff ",MALE
"Childs, Geoff ",MALE
"Chilson, Clark",MALE
"Chin, Keitō ",MALE
"Choong, Mun-Keat",MALE
"Chow, King Wo",MALE
"Chryssides, George D",MALE
"Chu, Junjie",MALE
"Chu, William",MALE
"Clarke, Shayne",MALE
"Clarke, Shayne Neil",MALE
"Clart, Philip",MALE
"Clough, Bradley S",MALE
"Cobb, John B Jr",MALE
"Cohen, Richard S",MALE
"Cohen, Richard S",MALE
"Collier, Trent",MALE
"Collins, Steven",MALE
"Como, Michael (Michael I)",MALE
"Contestabile, Bruno",MALE
"Conway, Michael Dr.",MALE
"Conway, Michael Dr. (Translator)",MALE
"Cook, Francis H",MALE
"Cooper, David E. (David Edward)",MALE
"Copp, Paul",MALE
"Coseru, Christian",MALE
"Cousins, Lance S",MALE
"Covell, Stephen G",MALE
"Covell, Stephen G (Editor)",MALE
"Cox, Laurence",MALE
"Cribb, Joe",MALE
"Cruijsen, Thomas",MALE
"D'Amato, Mario",MALE
"D'Ambrosio, Paul J",MALE
"Dalton, Jacob Paul",MALE
"Dargyay, Lobsang",MALE
"Davidson, Ronald M",MALE
"Davidson, Ronald M.",MALE
"Davis, Bret W",MALE
"Davis, Erik W",MALE
"De Silva, D A Premakumara",MALE
"De Silva, Padmal",MALE
"Debreczeny, Karl",MALE
"Debreczeny, Karl ",MALE
"Deeg, Max",MALE
Deegalle Mahinda,MALE
"Del Toso, Krishna",MALE
"Deleanu, Florin",MALE
"Delhey, Martin",MALE
"Demiéville, Paul",MALE
"DeMoss, David",MALE
"Dempsey, Shaun",MALE
"Deslippe, Philip",MALE
"Dessein, Bart",MALE
"Dessì, Ugo",MALE
"Dessì, Ugo (Translator)",MALE
Devasia M A,MALE
"Dhammaratana, Tampalawela Bhikkhu (Translator, Editor)",MALE
"Dhammasami, Khammai",MALE
"Dibeltulo Concu, Martino",MALE
"Dien, Albert E",MALE
"DiSimone, Charles",MALE
"Dixon, Graham",MALE
"Dobbins, James C",MALE
"Doctor, Thomas H",MALE
"Doney, Lewis",MALE
"Dong, Qun",MALE
"Dorfman, Michael",MALE
"Dorman, Benjamin",MALE
"Dorman, Benjamin (Translator)",MALE
"Dotson, Brandon",MALE
"Dotson, Brandon",MALE
"Dotson, Brandon ",MALE
"Drewes, David",MALE
"Dreyfus, Georges",MALE
"Dreyfus, Georges ",MALE
"Drott, Edward Robertson",MALE
"Drummond, Michael S",MALE
"Duckworth, D.",MALE
"Duckworth, Douglas S",MALE
"Duckworth, Douglas S.",MALE
"Ducor, Jérôme",MALE
"Dundas, Paul",MALE
"Dunne, John D",MALE
"Durt, Hubert",MALE
"Dy, Ari C",MALE
"Eckel, Malcom David",MALE
"Edwards, Colin",MALE
"Elphinstone, Bradley",MALE
"Eltschinger, Vincent",MALE
"Elverskog, Johan",MALE
"Elverskog, Johan ",MALE
"Elverskog, Johan ",MALE
"Enomoto, Fumio",MALE
"Eskildsen, Stephen",MALE
"Esler, Dylan",MALE
"Euron, Paolo",MALE
"Evans, Stephen (Stephen A)",MALE
"Evans, Stephen A",MALE
"Fallick, Eric",MALE
"Fan, Wenli",MALE
"Faure, Bernard",MALE
"Federman, Asaf",MALE
"Feichtinger, Christian",MALE
"Fenner, Peter G",MALE
"Ferrante, Marco",MALE
"Ferraro, Giuseppe",MALE
"Fink, Charles Kedric",MALE
"Fiordalis, David V",MALE
"Fischer, Andrew M. ",MALE
"Fitzgerald, James",MALE
"Fitzgerald, James L",MALE
"Flanagan, Owen J",MALE
"Fleischman, Paul R",MALE
"Ford, James L",MALE
"Formigatti, Camillo Alessio",MALE
"Foxeus, Niklas",MALE
"Franco, Eli",MALE
"Frank, Bernard",MALE
"Frasch, Tilman",MALE
"Fredericks, James L",MALE
"Freiberger, Oliver",MALE
"Fujii, Masao",MALE
"Fujimoto, Masafumi",MALE
"Fujita, Masakatsu",MALE
"Fukuda, Takumi",MALE
"Fuller, Paul",MALE
"Funayama, Toru",MALE
"Fussman, Gérard",MALE
"Galloway, Brian",MALE
"Gandolfo, Stefano",MALE
"Ganeri, Jonardon",MALE
"Gard, R A",MALE
"Gardiner, David L",MALE
"Garfield, Jay L",MALE
"Garfield, Jay L.",MALE
"Gelblum, Tuvia",MALE
"Gellner, David N",MALE
"Gerloff, Torsten",MALE
"Germano, David",MALE
"Germano, David",MALE
"Germano, David ",MALE
"Gethin, Rupert",MALE
"Ghose, Lynken",MALE
"Gibbs, Gregory G",MALE
"Gillon, Brendan S",MALE
"Gillon, Brendan S.",MALE
"Gilpin, Richard",MALE
"Giustarini, Giuliano",MALE
"Glass, Andrew",MALE
"Goble, Andrew",MALE
"Godart, Gerard Clinton",MALE
"Gokhale, Balkrishna Govind",MALE
"Gold, Jonathan C",MALE
"Goldberg, Kory",MALE
"Gombrich, Richard",MALE
"Gombrich, Richard F",MALE
"Gómez, Luis O (Luis Oscar)",MALE
"Gonçalves, Ricardo Mário",MALE
"Goodman, Charles",MALE
"Goodman, Charles A",MALE
"Gornall, Alastair",MALE
"Gornall, Alastair‰ŰŹ",MALE
"Grace, Stefan",MALE
"Grandy, David",MALE
"Gravers, Mikael",MALE
Gray Tuttle,MALE
"Gray, David B",MALE
"Gray, David B",MALE
"Gray, David B. ",MALE
"Green, Phillip Scott Ellis‏",MALE
"Green, Phillip Scott Ellis",MALE
"Green, Ronald S",MALE
"Greene, Eric M",MALE
"Greene, Eric M",MALE
"Gregory, Peter N",MALE
"Griffiths, Arlo",MALE
"Griffiths, Paul J",MALE
"Grimes, Samuel",MALE
"Groner, Paul",MALE
"Groner, Paul, 1946- (Translator)",MALE
"Grosnick, William",MALE
"Grosnick, William H",MALE
"Grossman, Paul",MALE
"Gruber, Joel S (Joel Stephen)",MALE
"Gruschke, Andreas ",MALE
"Guenther, Herbert V",MALE
"Gülberg, Niels",MALE
"Gunasena, Amal",MALE
"Gupta, Anurag",MALE
"Gyatso, Yönten ",MALE
"Haar, Barend J ter",MALE
"Habito, Ruben L F",MALE
"Hackett, Paul G",MALE
"Hackstein, Olav",MALE
"Hahn, Oliver",MALE
"Hajime, Sakurabe",MALE
"Hakamaya, Noriaki",MALE
"Halkias, Georgios",MALE
"Hall, Bruce Cameron",MALE
"Ham, Hyoung Seok",MALE
"Hamlin, Edward",MALE
"Hansen, Wilburn",MALE
"Hansen, Wilburn",MALE
"Hara, Minoru",MALE
"Harding, John S",MALE
"Hargiss, Dennis G",MALE
"Harris, Ian Charles",MALE
"Harris, Stephen",MALE
"Harris, Stephen E",MALE
"Harrison, Paul",MALE
"Harrison, Paul M. (Paul Maxwell)",MALE
"Hartman, David",MALE
"Hartman, Earl (Translator)",MALE
"Hartmann, Jens-Uwe",MALE
"Harvey, Peter",MALE
"Harvey, Peter (Brian Peter)",MALE
"Hase, Shōtō",MALE
"Hashimoto, Mineo",MALE
"Hayashi, Itsuki",MALE
"Hayashi, Keijin",MALE
"Hayek, Matthias",MALE
"Hayes, Richard P",MALE
"Hayes, Richard P.",MALE
"Heine, Steven",MALE
"Heisig, James W",MALE
"Helderman, Ira",MALE
"Hevia, James Louis",MALE
"Higgins, David (Lecturer in religious studies)",MALE
"Higgins, David (Lecturer in religious studies) (""Author of introduction, etc. "", Translator)",MALE
"Higgins, David O",MALE
"Hikino, Kyōsuke",MALE
"Hiltebeitel, Alf",MALE
"Hinsch, Bret",MALE
"Hinüber, Oskar von",MALE
"Hirota, Dennis",MALE
"Hirotoshi, Ogihara",MALE
"Hishiki, Masaharu",MALE
"Ho, Chien-hsing",MALE
"Hoffman, Frank J",MALE
"Holba, Jir̆í (Compiler)",MALE
"Holder, John J. (John Joseph)",MALE
"Holmberg, David",MALE
"Holt, John C",MALE
"Honjō, Yoshifuma",MALE
"Hooker, Floyd B",MALE
"Hopkins, Jeffrey",MALE
"Hori, Shin'ichirō",MALE
"Hori, Victor Sōgen",MALE
"Horsch, Paul",MALE
"Hu, Yao",MALE
"Hu, Zhiqiang",MALE
"Hubbard, Jamie",MALE
"Huber, Toni ",MALE
"Huber, Toni ",MALE
"Hùifēng, Shì",MALE
"Huntington Jr., C. W.",MALE
"Huntington, C W",MALE
"Huntington, C W",MALE
"Huntington, John C",MALE
"Hur, Nam-lin",MALE
"Hurley, Scott",MALE
"Hurvitz, Leon",MALE
"Husgafvel, Ville",MALE
"Huxley, Andrew",MALE
Huyên-Vi Thích 1926-2005 (Translator),MALE
"Huyên-Vi Thích, 1926-2005 (Translator)",MALE
"Hyland, Terry",MALE
"Ichimura, Shohei",MALE
"Idema, W L. (Wilt L)",MALE
"Ifergan, Gidi",MALE
"Imai, Akinori Rev.",MALE
"Inami, Masahiro",MALE
"Inoue, Takami",MALE
"Inoue, Takami (Interviewee)",MALE
"Ireland, John D",MALE
"Ireland, John D, 1935-1998 (Translator)",MALE
"Ishii, Seijun",MALE
"Ishikawa, Rikizan",MALE
"Itabashi, Yūjin",MALE
"Itō, Noriaki",MALE
"Ives, Christopher",MALE
"Iwata, Takashi",MALE
"Jackson, David ",MALE
"Jackson, David Paul",MALE
"Jackson, Roger ",MALE
"Jackson, Roger R",MALE
"Jackson, Roger R (Reid)",MALE
"Jackson, Roger R. ",MALE
"Jagchid, Sechin",MALE
"Jahoda, Christian ",MALE
"Jaini, Padmanabh S",MALE
"Jaini, Padmanabh S (""Author of introduction, etc. "", Translator)",MALE
"Jaini, Padmanabh S.",MALE
"Jamentz, Michael E",MALE
"James, Simon P",MALE
"Jenkins, Stephen L",MALE
"Ji, Zhe",MALE
"Jiang, Tao",MALE
"Jin, Tao",MALE
"Johnson, D W. (David W)",MALE
"Jones, C V (Christopher Victor)",MALE
"Jones, Charles B",MALE
"Jones, Dhivan Thomas",MALE
"Jones, Nicholaos",MALE
"Jones, Sherwin",MALE
"Jong, J W de",MALE
"Joo, Bong Seok",MALE
"Josephson, Jason Ānanda",MALE
"Joskovich, Erez Hekigan",MALE
"Kabat-Zinn, Jon",MALE
"Kadowaki, Ken",MALE
"Kahrs, Eivind",MALE
"Kai, Sheng",MALE
"Kaku, Takeshi",MALE
"Kalansuriya, A D P",MALE
"Kang, Sung Yong",MALE
"Kano, Kazuo",MALE
"Kano, Kyo",MALE
"Kaplan, Uri",MALE
"Kapstein, Matthew",MALE
"Kapstein, Matthew T.",MALE
"Karlsson, Klemens",MALE
Karma-phun-tshogs,MALE
"Kasulis, Thomas P",MALE
"Katsura, Shoryu",MALE
"Katz, Nathan",MALE
"Kawasaki, Tsuyoshi",MALE
"Keel, H. S.",MALE
"Keenan, John P",MALE
"Kelly, John L",MALE
"Keng, Ching",MALE
"Kennedy, Andrew",MALE
"Kent, Daniel W",MALE
"Keown, Damien",MALE
"Keyworth, George A",MALE
"Khur-Yearn, Jotika",MALE
"Kidd, Ian James",MALE
"Kieschnick, John",MALE
"Kigensan Licha, Stephan",MALE
"Kigoshi, Yasushi",MALE
"Kikuchi, Hiroki",MALE
"Kim, Hwansoo",MALE
"Kim, Jinah",MALE
"Kim, Kyung Rae",MALE
"Kim, Kyungrae",MALE
"Kim, Seong-Uk",MALE
"Kimbrough, R Keller",MALE
"Kindzorra, Emanuel",MALE
"Kinnard, Jacob N",MALE
"Kinnard, Jacob N",MALE
"Kirchner, Thomas Yūhō (Contributor)",MALE
"Kirchner, Thomas Yūhō (Translator)",MALE
"Kisala, Robert (Editor)",MALE
"Kisala, Robert (Translator)",MALE
"Kiyota, Minoru",MALE
"Klautau, Orion",MALE
"Klautau, Orion, 1980-‏ (Translator)",MALE
Kloṅ-chen-pa Dri-med-'od-zer,MALE
"Knecht, Peter",MALE
"Kobayashi, Hisayasu",MALE
"Koh, Seunghak",MALE
"Kohl, Christian Thomas",MALE
"Komarovski, Yaroslav",MALE
"KopaíălakisíŁníŁaní_, Maíă",MALE
"Kopf, Gereon",MALE
"Kopf, Gereon, 1965- (""Author of introduction, etc. "", Translator)",MALE
"Kósa, Gábor",MALE
"Koseki, Aaron K",MALE
"Kosuta, Matthew",MALE
"Kotyk, Jeffrey",MALE
"Koyama, Tenyu",MALE
"Kragh, Ulrich Timme ",MALE
"Kragh, Ulrich Timme ",MALE
"Krasser, Helmut",MALE
"Krishan, Y",MALE
"Krishna, Anand",MALE
"Kritzer, Robert",MALE
"Krummel, John Wesley Megumu",MALE
"Kuan, Tse-fu",MALE
"Kubo, Tsugunari",MALE
"Kuijp, Leonard",MALE
"Kuijp, Leonard W J van der",MALE
"Kumamoto, Einin",MALE
"Kumar, Ujjwal",MALE
"Kuyken, W. (Willem)",MALE
"Kuzminski, Adrian",MALE
"LaFleur, William R",MALE
"Lai, Whalen",MALE
"Lai, Whalen W",MALE
"Lainé, Bruno ",MALE
"Laish, Eran",MALE
"Lamotte, Etienne",MALE
"Lanoue, David G",MALE
"Lawrence, David Peter",MALE
"Laycock, Joseph",MALE
"Lee, Bang-Sik",MALE
"Lee, Choong-Ki",MALE
"Lee, Ja-Rang",MALE
"Lee, Kin Cheung (George)",MALE
"Lee, Su-kyung",MALE
"Lee, Su-kyung",MALE
"Lee, William",MALE
"Lehman, F K",MALE
"Leighton, Taigen Daniel",MALE
"Lenz, Timothy",MALE
"Levitt, Stephan Hillyer",MALE
"Levman, Bryan Geoffrey",MALE
"Lewis, Todd Thornton",MALE
Lhundup Sopa Geshe,MALE
"Li, Shenghai",MALE
"Lin, Qian",MALE
"Lin, Zhen'guo",MALE
"Lindtner, Christian",MALE
"Linrothe, Robert N",MALE
"Liu, Kuowei",MALE
"Liu, Ming-Wood",MALE
"Lobreglio, John",MALE
"Lobreglio, John (Translator)",MALE
"Lopez, Donald S Jr",MALE
"Lopez, Donald S Jr, 1952- (Editor)",MALE
"Lorentz, Todd",MALE
"Lowe, Bryan D",MALE
"Loy, David",MALE
"MacDonald, Alexander W",MALE
"MacKenzie, Matthew",MALE
"Maex, Edel",MALE
"Maharaj, Ayon",MALE
"Mair, Victor H",MALE
"Makransky, John J",MALE
"Mallinson, James",MALE
"Maquet, Jacques",MALE
"Maraldo, John C",MALE
"Marino, Joseph A. III",MALE
"Marston, John A. (John Amos)",MALE
"Martin, Dan",MALE
"Martin, Gerhard Marcel",MALE
"Mathes, Klaus-Dieter",MALE
"Mathes, Klaus-Dieter",MALE
Matthew T. Kapstein,MALE
"Mayer, Robert",MALE
"Mayer, Robert ",MALE
"Mc Allister, Patrick",MALE
"McCarthy, Stephen",MALE
"McCrea, Lawrence",MALE
"McDaniel, Justin Thomas",MALE
"McDermott, James P",MALE
"McFarlane, Stewart",MALE
"McGarrity, Andrew",MALE
"McGhee, Michael (Dharmachari Vipassi)",MALE
"McGovern, Nathan",MALE
"McGovern, Nathan",MALE
"McGuire, Mark Patrick",MALE
"McGuire, Robert",MALE
"McKinley, Alexander",MALE
"McLaughlin, Levi (Translator)",MALE
"McLeod, Stuart",MALE
"McMahan, David L",MALE
"McMullin, Neil",MALE
"McNamara, Daniel P.",MALE
"McRae, John R",MALE
"MĚüllgaard, Eske",MALE
"Mikkelson, Douglas K",MALE
"Miller, Alan L",MALE
"Miller, Roy Andrew",MALE
"Mills, Martin A",MALE
"Mills, Martin A. ",MALE
"Mimaki, Katsumi",MALE
"Minnema, Lourens",MALE
"Mitchell, Scott A",MALE
"Moerman, D Max (David Max)",MALE
"Mohr, Michel",MALE
"Mohr, Michel (Translator, ""Author of introduction, etc. "")",MALE
"Moore, Matthew J",MALE
"Moreman, Christopher M",MALE
"Morris, Jon (Translator)",MALE
"Morrison, Robert G",MALE
"Muller, A Charles",MALE
"Muller, Charles",MALE
"Murphy, Trevor (""Author of introduction, etc. "", Translator)",MALE
Nado Lopen,MALE
"Nagao, Gajin",MALE
"Nagao, Gajin, 1907-2005 (Editor)",MALE
"Nakai, Patti (Translator)",MALE
"Nance, Richard",MALE
"Nance, Richard F",MALE
"Narain, A K",MALE
"Nelson, John K",MALE
"Nemec, John",MALE
"Newman, John",MALE
"Nicholson, Hugh",MALE
"Nicholson, Hugh (Hugh R)",MALE
"Nietupski, Paul K.",MALE
"Nietupski, Paul K. ",MALE
"Nietupski, Paul Kocot",MALE
"Nihom, Max",MALE
"Nizamis, Khristos",MALE
"Norman, K R (Kenneth Roy)",MALE
"Normand, Lawrence",MALE
"Nowakowski, David",MALE
"Nowakowski, David",MALE
"Numrich, Paul David",MALE
"O'Connor, Richard A",MALE
"O'Grady, Paul",MALE
"O'Leary, Joseph Stephen",MALE
"Ober, Douglas",MALE
"Oetke, Claus",MALE
"Olendzki, Andrew",MALE
"Olivelle, Patrick",MALE
"Orlina, Roderick",MALE
"Orzech, Charles D",MALE
"Osto, Douglas",MALE
"Overmeire, Ben Van",MALE
"Owen, Mark",MALE
"Pagel, Ulrich",MALE
Paíăsaíădika Bhikkhu,MALE
"Paíăsaíădika Bhikkhu (Translator, Editor)",MALE
Paíăsaíădika Bhikkhu (Translator),MALE
"Pampling, Gregory D (Translator)",MALE
"Park, Jungnok",MALE
Pāsādika Bhikkhu,MALE
"Patil, Parimal G Dr.",MALE
"Patton, Thomas N (Thomas Nathan)",MALE
"Peacock, John PhD",MALE
"Peacocke, John",MALE
"Pearcey, Adam",MALE
"Pereira, Ronan Alves",MALE
"Petech, Luciano",MALE
"Peters, Kyle (Kyle R)",MALE
"Peterson, Richard (Translator)",MALE
"Phillips, Bryan ",MALE
"Pickering, John",MALE
"Pinault, Georges-Jean",MALE
"Poceski, Mario",MALE
"Pollack, David",MALE
"Pomplun, Trent",MALE
"Powell, James Kenneth II",MALE
"Powers, John",MALE
"Pradhan, P",MALE
"Pranke, Patrick",MALE
"Prasad, Birendra Nath",MALE
"Prebish, Charles S (Charles Stuart)",MALE
"Premasiri, P D",MALE
"Preston, Charles S (Charles Scott)",MALE
"Prets, Ernst",MALE
"Pryor, C Robert",MALE
"Przybyslawski, Artur",MALE
"Pye, Michael",MALE
"Pye, Michael, 1939- (Interviewer)",MALE
"Quiles, Ismael",MALE
"Quinter, David",MALE
"Quinter, David (Translator, ""Author of introduction, etc. "")",MALE
"Quintman, Andrew (Andrew H)",MALE
"Qvarnström, Olle",MALE
"Qvarnström, Olle",MALE
"Rabin, Ira",MALE
"Race, Alan (Interviewee)",MALE
"Radich, Michael",MALE
"Rahula, Telwatte",MALE
"Rajapakse, Vijitha",MALE
"Rambelli, Fabio",MALE
"Ratnayaka, Shanta",MALE
"Reader, Ian",MALE
"Reynolds, Frank E",MALE
"Reynolds, Frank E, 1930 (Editor)",MALE
"Rhi, Juhyung",MALE
"Rhodes, Robert F (Robert Franklin)",MALE
"Rhodes, Robert F (Robert Franklin), 1953- (Translator)",MALE
"Ritzinger, Justin R",MALE
"Robson, James",MALE
"Robson, James",MALE
"Rodrií�guez Bornaetxea, Fernando",MALE
"Roesler, Ulrike",MALE
"Ronis, Jann ",MALE
"Roth, Jonathan M",MALE
"Rowe, Mark (Mark Michael)",MALE
"Rowe, Mark (Mark Michael) (Editor)",MALE
"Rudd, Anthony",MALE
"Ruegg, David Seyfort",MALE
"Ruiz-Falqués, Aleix",MALE
"Ruppert, Brian D",MALE
"Ruppert, Brian Douglas",MALE
"Ruppert, Brian Douglas",MALE
"Ruppert, Brian O",MALE
"Sabo, Theodore",MALE
"SAKA, Chihiro ",MALE
"Sakuma, Hidenori S",MALE
"Salguero, C Pierce",MALE
"Salguero, Gabriel A Rev. Dr.",MALE
"Salomon, Richard",MALE
"Salvini, Mattia",MALE
"Samtani, N H (Narayan Hemandas)",MALE
"Samuels, Jeffrey",MALE
"Santucci, James A",MALE
"Sauchelli, Andrea",MALE
"Scarfe, Adam Christian",MALE
"Schaeffer, Kurtis R",MALE
"Schaeffer, Kurtis R. ",MALE
"Schaeffer, Kurtis R. ",MALE
"Scheid, Bernhard, 1960- (Editor)",MALE
"Scherer, Bee",MALE
"Scherer, Burkhard",MALE
"Schmithausen, Lambert",MALE
"Schonthal, Benjamin",MALE
"Schopen, Gregory",MALE
"Schorr, Jaron",MALE
"Schulzer, Rainer",MALE
"Seeger, Martin",MALE
"Segal, Zindel V",MALE
"Seizan, Yanagida",MALE
"Selander, Peter",MALE
"Seo, Tai-Yang",MALE
"Shackley, Paul",MALE
"Sharf, Robert H",MALE
"Sharma, Arvind",MALE
"Sharma, Ramesh Kumar",MALE
"Sheehy, Michael R",MALE
"Shields, James Mark",MALE
"Shields, James Mark (Translator)",MALE
"Shimoda, Masahiro",MALE
"Shinohara, Koichi",MALE
"Shiu, Henry C H",MALE
"Shulman, Eviatar",MALE
"Shulman, Eviatar",MALE
"Shulman, Eviatar",MALE
"Shultz, John A (John Arthur)",MALE
"Siderits, Mark",MALE
"Silk, Jonathan A",MALE
"Silk, Jonathan A",MALE
"Silk, Jonathan A",MALE
"Silk, Jonathan A, 1960- (Editor)",MALE
"Silk, Jonathan A.",MALE
"Simoni-Wastila, Henry",MALE
"Simpson, Daniel E",MALE
"Sinha, Braj M",MALE
"Skilling, Peter",MALE
"Skilton, Andrew",MALE
"Skonicki, Douglas",MALE
"Slott, Michael",MALE
"Smith, Buster G",MALE
"Smith, Douglass",MALE
"Smith, Sean M.",MALE
"Smyer Yuíö, Dan",MALE
"Snellgrove, David L",MALE
"Sobisch, Jan-Ulrich",MALE
"Solonin, K.",MALE
"Solonin, Kirill J (Kirill Jurievič)",MALE
"Soucy, Alexander",MALE
"Sparham, Gareth",MALE
"Sperling, Elliot",MALE
"Sperling, Elliot ",MALE
"Sponberg, Alan (Dharmachari Saaramati)",MALE
"Sridharan, Vishnu",MALE
"Srivastava, K M",MALE
"Staël-Holstein, A. (Alexander) Freiherr von",MALE
"Stavisky, Boris J",MALE
"Stavros, Matthew (Matthew Gerald)",MALE
"Stearns, Cyrus",MALE
"Steinkellner, Ernst",MALE
"Stoltz, Jonathan",MALE
"Strain, Charles R",MALE
"Straton, Jack C",MALE
"Strauch, Ingo",MALE
"Strong, John",MALE
"Stuart-Fox, Martin",MALE
"Stuart, Daniel M.",MALE
"Stunkard, Albert",MALE
"Sugiki, Tsunehiko",MALE
"Swanson, Paul L (Paul Loren)",MALE
"Swanson, Paul L (Paul Loren), 1951- (Translator)",MALE
"Swearer, Donald K",MALE
"Sweet, Michael J (Michael Jay)",MALE
"Sweet, Michael J. ",MALE
"Syrkin, Alexander",MALE
"Szántó, Péter-Dániel",MALE
"Szántó, Péter-Dániel",MALE
"Taber, John A",MALE
"Takasaki, Jikidō",MALE
"Tamney, Joseph B",MALE
"Tanabe, George J Jr",MALE
"Tanaka, Kenneth K (Kenneth Ken'ichi)",MALE
"Tarzi, Zemarylaï",MALE
"Teasdale, John D",MALE
"Teeuwen, Mark (Editor)",MALE
"Temprano, Victor Gerard",MALE
"Terrone, Antonio",MALE
"Tewari, Ramesh Chandra",MALE
"Thakchoe, Sonam",MALE
"Thanissaro, Nicholas Phra",MALE
"Thiên Châu, Thićh Bhikshu",MALE
"Thompson, Evan",MALE
"Thurman, Robert A F",MALE
"Tieken, Herman",MALE
"Tillemans, Tom J. F.",MALE
"Timalsina, Sthaneshwar",MALE
"Toda, Dylan Luers (Translator)",MALE
"Todaro, Dale Allen",MALE
"Tomabechi, Toru",MALE
"Tomabechi, Toru (Translator)",MALE
"Tomlinson, Davey K",MALE
"Tomlinson, Davey K.",MALE
"Toneatto, T (Tony)",MALE
"Torella, Raffaele",MALE
"Toso, Krishna",MALE
"Tse, Samson",MALE
"Tseng, Ampere A",MALE
"Tsering, Tashi",MALE
"Tsyrempilov, Nikolay",MALE
"Tucci, Giuseppe",MALE
"Tuttle, Gray ",MALE
"Tweed, Thomas A",MALE
"Tweed, Thomas A",MALE
"Tzohar, Roy",MALE
"Ueba, Akio",MALE
"Urban, Hugh B",MALE
"Usarski, Frank",MALE
"Valerio, Adam",MALE
"Van Dam, Nicholas T",MALE
"van der Kuijp, Leonard W. J. ",MALE
"van der Kuijp, Leonard W. J. ",MALE
"Van Schaik, Sam",MALE
"van Schaik, Sam",MALE
"Vassiliades, Demetrios Th. (Demetrios Theodossios)",MALE
"Veidlinger, Daniel M",MALE
"Velde, Paul van der",MALE
"Vélez de Cea, J. Abraham‏",MALE
"Verhaeghen, Paul",MALE
"Verhagen, Peter",MALE
"Verhagen, Pieter C. (Pieter Cornelis)",MALE
"Vermeersch, Sem",MALE
"Vesey, Alexander M",MALE
"Vetter, Tilmann E (Ernst)",MALE
"Victoria, Daizen",MALE
"Viehbeck, Markus",MALE
"Viglielmo, Valdo H",MALE
"Vijayavenugopal, G",MALE
"Virtbauer, Gerald",MALE
"Visigalli, Paolo",MALE
"Vollmer, Ulrich",MALE
"Vose, Kevin",MALE
"Voyce, Malcolm",MALE
"Waddell, Norman (Translator, ""Author of introduction, etc. "")",MALE
"Waistell, Jeff",MALE
"Waldron, William S",MALE
"Waldschmidt, Ernst",MALE
"Wallis, Glenn",MALE
Walpola Rāhula,MALE
"Walser, Joseph",MALE
"Walshe, Maurice O'Connell, 1911-1998 (Translator)",MALE
"Walther, Marco",MALE
"Walton, Matthew J",MALE
"Walton, Shane",MALE
"Wangchuk, Tsering",MALE
"Ward, Ryan",MALE
"Ward, Ryan (Translator)",MALE
"Warner, Cameron David",MALE
"Watanabe, Chikafumi (Editor, Translator)",MALE
"Watson, Alex",MALE
"Watson, Burton, 1925-2017 (""Author of introduction, etc. "", Translator)",MALE
"Watts, Jonathan S",MALE
"Watts, Jonathan S, 1966- (Translator)",MALE
"Wayman, Alex",MALE
"Webb, Russell",MALE
"Weber, Akincano Marc",MALE
"Webster, David",MALE
"Wedemeyer, Christian K",MALE
"Wedemeyer, Christian K",MALE
"Wedemeyer, Christian K. ",MALE
"Werner, Karel",MALE
"Westerhoff, J",MALE
"Westerhoff, Jan",MALE
"Whalen-Bridge, John",MALE
"Whitaker, Jarrod L (Translator)",MALE
"Whitaker, Justin",MALE
"White, David Gordon",MALE
"White, David Gordon ",MALE
"Whitehead, Richard",MALE
"Wiering, Jelle",MALE
"Wijesekera, O H de A",MALE
"Wijesekera, Oliver Hector de Alwis",MALE
"Wilkens, Jens",MALE
"Williams, Duncan Ryūken",MALE
"Williams, Duncan Ryūken, 1969- (Translator)",MALE
"Williams, Mark G",MALE
"Wilson, Joe (Joe Bransford)",MALE
"Wilson, Kevin",MALE
"Wiltshire, Martin G",MALE
"Winkler, Daniel",MALE
"Wood, Benjamin",MALE
"Wright, Dale S (Dale Shaw)",MALE
"Wynne, Alexander",MALE
"Yamabe, Nobuyoshi",MALE
"Yang, Jidong",MALE
"Yao, Zhihua",MALE
"Yao, Zhihua",MALE
"Yiannopoulos, Alexander",MALE
"Yokogawa, Ken'ichi (Translator)",MALE
"Yokoyama, Wayne S (Translator)",MALE
"Yong, Amos",MALE
"Young, Stuart H",MALE
"Zacchetti, Stefano",MALE
"Zawidzki, Tadeusz Wieslaw",MALE
"Zhu, Qingzhi",MALE
"Zieme, Peter",MALE
"Ziporyn, Brook",MALE
"Zwilling, Leonard",MALE
"Zysk, Kenneth G",MALE
"Fox, Joseph L.",MALE
"Dhondup, Kelsang",MALE
"Dorji, Tsechoe",MALE
"Bauer, Kenneth",MALE
"Childs, Geoff",MALE
"Tsering, Dawa",MALE
"Farrington, John D.",MALE
"Dalton, Jacob; Davis, Tom; van Schaik, Sam",MALE
"Davis, Tom",MALE
"van Schaik, Sam",MALE
"Magnusson, Jan",MALE
"Nagarajarao, Subramanya",MALE
"Childs, Geoff",MALE
"Chan, Yiu Kwan",MALE
"Cho, Insung",MALE
"Jñaneśvara, Mahāsthavira",MALE
"Lo, King Chung",MALE
"Lo, Yuet Keung",MALE
"Luo, Hong",MALE
"Maithrimurthi, Mudagamuwe",MALE
"Mao, Yufan",MALE
"Matsuo, Kenji",MALE
"Meng, Lingqi",MALE
"Minowa, Kenryō",MALE
"Miura, Takashi",MALE
"Mizukawa, Takao",MALE
"Mori, Ichiu",MALE
"Moriyama, Shin'ya",MALE
"Moriyama, Shinya",MALE
"Moro, Shigeki",MALE
"Mun, Chanju",MALE
"Murakami, Tatsuo (Translator)",MALE
"Muroya, Yasutaka",MALE
Nakamaki Hirochika,MALE
"Nemoto, Hiroshi",MALE
"Ng, Siu-man",MALE
"Nilsson, Hakan",MALE
"Nishida, Kitarō",MALE
"Nishitani, Keiji",MALE
"Nobutsuka, Tomomichi",MALE
"Aramaki, Noritoshi",MALE
"Oiwa, Keibo",MALE
"Okada, Masahiko",MALE
"Ōkubo, Ryōshun",MALE
"Ong, Chez Kuang",MALE
"Ōtani, Eiichi",MALE
"Pandit, Suraj A",MALE
"Pannyawamsa, Sengpan",MALE
"Paramore, Kiri (K.N.)",MALE
"Pemaratana, Soorakkulame",MALE
"Pu, Chengzhong",MALE
"Sakai, Masamichi",MALE
"Santorelli, Saki F",MALE
"Satō, Taira",MALE
"Shaw, Jaysankar Lal",MALE
"Shida, Taisei",MALE
"Shiga, Kiyokuni",MALE
Shigenori Nagatomo,MALE
"Shizuka, Sasaki",MALE
"Shōno, Masanori",MALE
"Shun'ei, Hakamata Toshihide",MALE
"Sik, Hin Hung",MALE
"Soga, Ryōjin",MALE
"Sousa, Domingos de",MALE
"Sueki, Fumihiko",MALE
"Suhara, Eiji",MALE
Sujato Bhikkhu,MALE
"Suzuki, Daisetz Teitaro",MALE
"Suzuki, Hisayoshi (Translator)",MALE
"Takagishi, Akira",MALE
"Takao, Hagiwara",MALE
"Takemura, Makio",MALE
"Tamamuro, Fumio",MALE
"Tanaka, Koji",MALE
"Tanigawa, Yutaka",MALE
"Tashiro, Shunkō",MALE
"Tilakaratne, Asaṅga",MALE
"Tsai, Yao-ming",MALE
"Tsaih, Rua-Huan",MALE
"Tsering, Drongbu",MALE
"Tsunawaki, Ryūmyō",MALE
"Ueda, Shizuteru",MALE
"Unebe, Toshiya",MALE
"Vasudeva, Som Dev",MALE
"Watanabe, Hōyō",MALE
"Watanabe, Takeshi",MALE
"Watanabe, Toshikazu",MALE
"Xiuyuan, Dong",MALE
"Yamada, Shōji",MALE
"Yan, Zhixiong",MALE
"Yao, Xinzhong",MALE
"Yasutomi, Shin'ya",MALE
Hakuin,premodern
Jōkei,premodern
Myōe,premodern
Changtzu,
"Chen, Pi-Yen",
"Fujija, Kotabo",
"Hanson-Barber, A W",
"Hayashi, Makoto",
"Hertogh, C P",
"Itō, Emyō",
"Je, Jum-Suk",
"Jeong, Yeongsik",
"Kajiwara, Keiichi",
"Kang, Soyon",
"Kataoka, Kei",
"Kitagawa, Zenchō",
"Kyuma, Taiken",
"Li, Xuezhu",
"Lim, Young-Ae",
"Lin, Chien-Te",
"Low, Sor-Ching",
Phibuíăn Chumphonphaisaíăn,
Pimmada Wichasin,
"Sheravanichkul, Arthid",
"Shōtō, Hase",
Sidhorn Sandhanoo,
"Walpola, D Y",
"Walpola, I C",
"Walpola, P L",
"Wang, Qi",
"Woo, Jeson",
"Wu, Su-Chen",
"Xing, Guang",
"Xuezhu, Li",
"Yamaguchi, Aki",
"Yamakawa, Aki",
"Yang, Yu-Hsiang",
"Yao, Yu-Shuang",
"Yeh, Ah-Yueh",
,
"Yi, Lidu",
"Yōhei, Shimizu",
"Yoon, Young-Hae",
"Yoshida, Kazuhiko",
"Yoshida, Tomoko",
"Yoshimizu, Kiyotaka Dr.",
"Yoshinaga, Shin'ichi",
"Yoshiyuki, Tomishima",